thumbnail,project,official_domain_used,local_logo_asset
01 Best NFT Minting Tools in 2026.png,Thirdweb,thirdweb.com,thirdweb.com.png
01 Best NFT Minting Tools in 2026.png,Crossmint,crossmint.com,crossmint.com.png
01 Best NFT Minting Tools in 2026.png,Manifold,manifold.xyz,manifold.xyz.png
01 Best NFT Minting Tools in 2026.png,Zora,zora.co,zora.co.png
01 Best NFT Minting Tools in 2026.png,Sequence,sequence.xyz,sequence.xyz.png
01 Best NFT Minting Tools in 2026.png,Alchemy,alchemy.com,alchemy.com.png
01 Best NFT Minting Tools in 2026.png,Rarible,rarible.com,rarible.com.png
02 Best NFT Analytics Tools in 2026.png,DappRadar,dappradar.com,dappradar.com.png
02 Best NFT Analytics Tools in 2026.png,NFTGo,docs.nftgo.io,nftgo-docs.nftgo.io.png
02 Best NFT Analytics Tools in 2026.png,Nansen,nansen.ai,nansen.ai.png
02 Best NFT Analytics Tools in 2026.png,Zerion,zerion.io,zerion.io.png
02 Best NFT Analytics Tools in 2026.png,bitsCrunch,bitscrunch.com,bitscrunch.com.png
02 Best NFT Analytics Tools in 2026.png,Trait Sniper,docs.traitsniper.com,traitsniper-docs-traitsniper-com-782637045.png
02 Best NFT Analytics Tools in 2026.png,Blur,blur.io,blur.io.png
02 Best NFT Analytics Tools in 2026.png,OpenSea,opensea.io,opensea.io.png
03 Best NFT Tracking Tools in 2026.png,DappRadar,dappradar.com,dappradar.com.png
03 Best NFT Tracking Tools in 2026.png,NFTGo,docs.nftgo.io,nftgo-docs.nftgo.io.png
03 Best NFT Tracking Tools in 2026.png,Nansen,nansen.ai,nansen.ai.png
03 Best NFT Tracking Tools in 2026.png,Zerion,zerion.io,zerion.io.png
03 Best NFT Tracking Tools in 2026.png,OpenSea,opensea.io,opensea.io.png
03 Best NFT Tracking Tools in 2026.png,Blur,blur.io,blur.io.png
03 Best NFT Tracking Tools in 2026.png,Discord,discord.com,discord.com.png
04 Top NFT Marketplaces for Creator Royalties in 2026.png,Magic Eden,magiceden.io,magiceden.io.png
04 Top NFT Marketplaces for Creator Royalties in 2026.png,OpenSea,opensea.io,opensea.io.png
04 Top NFT Marketplaces for Creator Royalties in 2026.png,Zora,zora.co,zora.co.png
04 Top NFT Marketplaces for Creator Royalties in 2026.png,Manifold,manifold.xyz,manifold.xyz.png
04 Top NFT Marketplaces for Creator Royalties in 2026.png,Rarible,rarible.com,rarible.com.png
05 Best NFT Storage Tools in 2026.png,Pinata,pinata.cloud,pinata.cloud.png
05 Best NFT Storage Tools in 2026.png,Arweave,arweave.org,arweave.org.png
05 Best NFT Storage Tools in 2026.png,Filebase,filebase.com,filebase.com.png
05 Best NFT Storage Tools in 2026.png,Lighthouse,lighthouse.storage,lighthouse.storage.png
05 Best NFT Storage Tools in 2026.png,IPFS,ipfs.tech,ipfs.tech.png
05 Best NFT Storage Tools in 2026.png,NFT.Storage,nft.storage,nft.storage.png
06 Best NFT Communities in 2026.png,Pudgy Penguins,pudgypenguins.com,pudgypenguins.com.png
06 Best NFT Communities in 2026.png,Azuki,azuki.com,azuki.com.png
06 Best NFT Communities in 2026.png,BAYC,boredapeyachtclub.com,boredapeyachtclub.com.png
06 Best NFT Communities in 2026.png,Doodles,doodles.app,doodles.app.png
06 Best NFT Communities in 2026.png,Nouns,nouns.wtf,nouns.wtf.png
06 Best NFT Communities in 2026.png,Milady Maker,miladymaker.net,miladymaker.net.png
06 Best NFT Communities in 2026.png,DeGods,degods.com,degods.com.png
06 Best NFT Communities in 2026.png,Parallel,parallel.life,parallel.life.png
06 Best NFT Communities in 2026.png,The Sandbox,sandbox.game,sandbox.game.png
06 Best NFT Communities in 2026.png,OnChainMonkey,onchainmonkey.com,onchainmonkey.com.png
07 Best NFT APIs in 2026.png,Alchemy,alchemy.com,alchemy.com.png
07 Best NFT APIs in 2026.png,Reservoir,reservoir.tools,reservoir.tools.png
07 Best NFT APIs in 2026.png,SimpleHash,simplehash.com,simplehash.com.png
07 Best NFT APIs in 2026.png,Moralis,moralis.io,moralis.io.png
07 Best NFT APIs in 2026.png,QuickNode,quicknode.com,quicknode.com.png
07 Best NFT APIs in 2026.png,Zerion,zerion.io,zerion.io.png
07 Best NFT APIs in 2026.png,Blockdaemon,blockdaemon.com,blockdaemon.com.png
08 Best NFT Marketplaces for Artists in 2026.png,Foundation,foundation.app,foundation.app.png
08 Best NFT Marketplaces for Artists in 2026.png,SuperRare,superrare.com,superrare.com.png
08 Best NFT Marketplaces for Artists in 2026.png,Zora,zora.co,zora.co.png
08 Best NFT Marketplaces for Artists in 2026.png,OpenSea,opensea.io,opensea.io.png
08 Best NFT Marketplaces for Artists in 2026.png,Objkt,objkt.com,objkt.com.png
08 Best NFT Marketplaces for Artists in 2026.png,Magic Eden,magiceden.io,magiceden.io.png
08 Best NFT Marketplaces for Artists in 2026.png,Rarible,rarible.com,rarible.com.png
08 Best NFT Marketplaces for Artists in 2026.png,Manifold,manifold.xyz,manifold.xyz.png
09 Best NFT Marketplaces in 2026.png,OpenSea,opensea.io,opensea.io.png
09 Best NFT Marketplaces in 2026.png,Magic Eden,magiceden.io,magiceden.io.png
09 Best NFT Marketplaces in 2026.png,Blur,blur.io,blur.io.png
09 Best NFT Marketplaces in 2026.png,Zora,zora.co,zora.co.png
09 Best NFT Marketplaces in 2026.png,Foundation,foundation.app,foundation.app.png
09 Best NFT Marketplaces in 2026.png,Objkt,objkt.com,objkt.com.png
09 Best NFT Marketplaces in 2026.png,Rarible,rarible.com,rarible.com.png
10 Best NFT Games in 2026.png,Parallel,parallel.life,parallel.life.png
10 Best NFT Games in 2026.png,Pirate Nation,piratenation.game,piratenation.game.png
10 Best NFT Games in 2026.png,Pixels,pixels.xyz,pixels.xyz.png
10 Best NFT Games in 2026.png,Axie Infinity,axieinfinity.com,axieinfinity.com.png
10 Best NFT Games in 2026.png,Illuvium,illuvium.io,illuvium.io.png
10 Best NFT Games in 2026.png,Gods Unchained,godsunchained.com,godsunchained.com.png
10 Best NFT Games in 2026.png,Guild of Guardians,guildofguardians.com,guildofguardians.com.png
10 Best NFT Games in 2026.png,The Sandbox,sandbox.game,sandbox.game.png
10 Best NFT Games in 2026.png,Off The Grid,offthegrid.com,offthegrid.com.png
10 Best NFT Games in 2026.png,MapleStory Universe,maplestoryuniverse.com,maplestoryuniverse.com.png
